run,res,thread_no,fma,ftype,omp_schedule,time
1,500,1,True,float,dynamic,169.0
2,500,1,True,float,dynamic,170.0
3,500,1,True,float,dynamic,171.0
4,500,1,True,float,dynamic,166.0
5,500,1,True,float,dynamic,166.0
6,500,1,True,float,dynamic,167.0
7,500,1,True,float,dynamic,167.0
8,500,1,True,float,dynamic,172.0
9,500,1,True,float,dynamic,167.0
10,500,1,True,float,dynamic,166.0
1,500,1,True,float,static,169.0
2,500,1,True,float,static,168.0
3,500,1,True,float,static,174.0
4,500,1,True,float,static,169.0
5,500,1,True,float,static,168.0
6,500,1,True,float,static,170.0
7,500,1,True,float,static,169.0
8,500,1,True,float,static,169.0
9,500,1,True,float,static,170.0
10,500,1,True,float,static,167.0
1,500,1,True,double,dynamic,310.0
2,500,1,True,double,dynamic,310.0
3,500,1,True,double,dynamic,321.0
4,500,1,True,double,dynamic,316.0
5,500,1,True,double,dynamic,313.0
6,500,1,True,double,dynamic,314.0
7,500,1,True,double,dynamic,315.0
8,500,1,True,double,dynamic,310.0
9,500,1,True,double,dynamic,313.0
10,500,1,True,double,dynamic,310.0
1,500,1,True,double,static,321.0
2,500,1,True,double,static,325.0
3,500,1,True,double,static,322.0
4,500,1,True,double,static,321.0
5,500,1,True,double,static,319.0
6,500,1,True,double,static,326.0
7,500,1,True,double,static,325.0
8,500,1,True,double,static,326.0
9,500,1,True,double,static,308.0
10,500,1,True,double,static,321.0
1,500,1,False,float,dynamic,176.0
2,500,1,False,float,dynamic,176.0
3,500,1,False,float,dynamic,176.0
4,500,1,False,float,dynamic,175.0
5,500,1,False,float,dynamic,176.0
6,500,1,False,float,dynamic,181.0
7,500,1,False,float,dynamic,177.0
8,500,1,False,float,dynamic,177.0
9,500,1,False,float,dynamic,179.0
10,500,1,False,float,dynamic,180.0
1,500,1,False,float,static,172.0
2,500,1,False,float,static,172.0
3,500,1,False,float,static,172.0
4,500,1,False,float,static,173.0
5,500,1,False,float,static,179.0
6,500,1,False,float,static,176.0
7,500,1,False,float,static,173.0
8,500,1,False,float,static,172.0
9,500,1,False,float,static,173.0
10,500,1,False,float,static,174.0
1,500,1,False,double,dynamic,334.0
2,500,1,False,double,dynamic,329.0
3,500,1,False,double,dynamic,333.0
4,500,1,False,double,dynamic,331.0
5,500,1,False,double,dynamic,331.0
6,500,1,False,double,dynamic,330.0
7,500,1,False,double,dynamic,333.0
8,500,1,False,double,dynamic,332.0
9,500,1,False,double,dynamic,330.0
10,500,1,False,double,dynamic,334.0
1,500,1,False,double,static,333.0
2,500,1,False,double,static,333.0
3,500,1,False,double,static,336.0
4,500,1,False,double,static,333.0
5,500,1,False,double,static,333.0
6,500,1,False,double,static,333.0
7,500,1,False,double,static,336.0
8,500,1,False,double,static,333.0
9,500,1,False,double,static,338.0
10,500,1,False,double,static,337.0
1,1000,1,True,float,dynamic,643.0
2,1000,1,True,float,dynamic,645.0
3,1000,1,True,float,dynamic,646.0
4,1000,1,True,float,dynamic,646.0
5,1000,1,True,float,dynamic,643.0
6,1000,1,True,float,dynamic,630.0
7,1000,1,True,float,dynamic,646.0
8,1000,1,True,float,dynamic,651.0
9,1000,1,True,float,dynamic,660.0
10,1000,1,True,float,dynamic,645.0
1,1000,1,True,float,static,655.0
2,1000,1,True,float,static,697.0
3,1000,1,True,float,static,644.0
4,1000,1,True,float,static,693.0
5,1000,1,True,float,static,654.0
6,1000,1,True,float,static,644.0
7,1000,1,True,float,static,642.0
8,1000,1,True,float,static,656.0
9,1000,1,True,float,static,653.0
10,1000,1,True,float,static,646.0
1,1000,1,True,double,dynamic,1201.0
2,1000,1,True,double,dynamic,1257.0
3,1000,1,True,double,dynamic,1203.0
4,1000,1,True,double,dynamic,1204.0
5,1000,1,True,double,dynamic,1212.0
6,1000,1,True,double,dynamic,1219.0
7,1000,1,True,double,dynamic,1204.0
8,1000,1,True,double,dynamic,1214.0
9,1000,1,True,double,dynamic,1202.0
10,1000,1,True,double,dynamic,1252.0
1,1000,1,True,double,static,1255.0
2,1000,1,True,double,static,1272.0
3,1000,1,True,double,static,1243.0
4,1000,1,True,double,static,1263.0
5,1000,1,True,double,static,1265.0
6,1000,1,True,double,static,1250.0
7,1000,1,True,double,static,1256.0
8,1000,1,True,double,static,1251.0
9,1000,1,True,double,static,1251.0
10,1000,1,True,double,static,1231.0
1,1000,1,False,float,dynamic,666.0
2,1000,1,False,float,dynamic,671.0
3,1000,1,False,float,dynamic,667.0
4,1000,1,False,float,dynamic,696.0
5,1000,1,False,float,dynamic,672.0
6,1000,1,False,float,dynamic,666.0
7,1000,1,False,float,dynamic,668.0
8,1000,1,False,float,dynamic,669.0
9,1000,1,False,float,dynamic,666.0
10,1000,1,False,float,dynamic,669.0
1,1000,1,False,float,static,658.0
2,1000,1,False,float,static,659.0
3,1000,1,False,float,static,675.0
4,1000,1,False,float,static,659.0
5,1000,1,False,float,static,667.0
6,1000,1,False,float,static,659.0
7,1000,1,False,float,static,667.0
8,1000,1,False,float,static,660.0
9,1000,1,False,float,static,659.0
10,1000,1,False,float,static,659.0
1,1000,1,False,double,dynamic,1286.0
2,1000,1,False,double,dynamic,1285.0
3,1000,1,False,double,dynamic,1279.0
4,1000,1,False,double,dynamic,1280.0
5,1000,1,False,double,dynamic,1296.0
6,1000,1,False,double,dynamic,1280.0
7,1000,1,False,double,dynamic,1280.0
8,1000,1,False,double,dynamic,1453.0
9,1000,1,False,double,dynamic,1281.0
10,1000,1,False,double,dynamic,1292.0
1,1000,1,False,double,static,1307.0
2,1000,1,False,double,static,1295.0
3,1000,1,False,double,static,1296.0
4,1000,1,False,double,static,1300.0
5,1000,1,False,double,static,1298.0
6,1000,1,False,double,static,1295.0
7,1000,1,False,double,static,1295.0
8,1000,1,False,double,static,1294.0
9,1000,1,False,double,static,1296.0
10,1000,1,False,double,static,1298.0
1,1500,1,True,float,dynamic,1412.0
2,1500,1,True,float,dynamic,1408.0
3,1500,1,True,float,dynamic,1402.0
4,1500,1,True,float,dynamic,1413.0
5,1500,1,True,float,dynamic,1399.0
6,1500,1,True,float,dynamic,1415.0
7,1500,1,True,float,dynamic,1400.0
8,1500,1,True,float,dynamic,1399.0
9,1500,1,True,float,dynamic,1400.0
10,1500,1,True,float,dynamic,1448.0
1,1500,1,True,float,static,1423.0
2,1500,1,True,float,static,1427.0
3,1500,1,True,float,static,1433.0
4,1500,1,True,float,static,1393.0
5,1500,1,True,float,static,1420.0
6,1500,1,True,float,static,1423.0
7,1500,1,True,float,static,1426.0
8,1500,1,True,float,static,1424.0
9,1500,1,True,float,static,1424.0
10,1500,1,True,float,static,1423.0
1,1500,1,True,double,dynamic,2683.0
2,1500,1,True,double,dynamic,2676.0
3,1500,1,True,double,dynamic,2692.0
4,1500,1,True,double,dynamic,2677.0
5,1500,1,True,double,dynamic,2702.0
6,1500,1,True,double,dynamic,2673.0
7,1500,1,True,double,dynamic,2685.0
8,1500,1,True,double,dynamic,2682.0
9,1500,1,True,double,dynamic,2699.0
10,1500,1,True,double,dynamic,2704.0
1,1500,1,True,double,static,2782.0
2,1500,1,True,double,static,2658.0
3,1500,1,True,double,static,2801.0
4,1500,1,True,double,static,2785.0
5,1500,1,True,double,static,2806.0
6,1500,1,True,double,static,2806.0
7,1500,1,True,double,static,2781.0
8,1500,1,True,double,static,2787.0
9,1500,1,True,double,static,2774.0
10,1500,1,True,double,static,2778.0
1,1500,1,False,float,dynamic,1518.0
2,1500,1,False,float,dynamic,1481.0
3,1500,1,False,float,dynamic,1489.0
4,1500,1,False,float,dynamic,1480.0
5,1500,1,False,float,dynamic,1482.0
6,1500,1,False,float,dynamic,1480.0
7,1500,1,False,float,dynamic,1496.0
8,1500,1,False,float,dynamic,1481.0
9,1500,1,False,float,dynamic,1481.0
10,1500,1,False,float,dynamic,1561.0
1,1500,1,False,float,static,1473.0
2,1500,1,False,float,static,1473.0
3,1500,1,False,float,static,1475.0
4,1500,1,False,float,static,1487.0
5,1500,1,False,float,static,1472.0
6,1500,1,False,float,static,1478.0
7,1500,1,False,float,static,1526.0
8,1500,1,False,float,static,1542.0
9,1500,1,False,float,static,1511.0
10,1500,1,False,float,static,1474.0
1,1500,1,False,double,dynamic,2874.0
2,1500,1,False,double,dynamic,2848.0
3,1500,1,False,double,dynamic,2844.0
4,1500,1,False,double,dynamic,2877.0
5,1500,1,False,double,dynamic,2852.0
6,1500,1,False,double,dynamic,2844.0
7,1500,1,False,double,dynamic,2960.0
8,1500,1,False,double,dynamic,2847.0
9,1500,1,False,double,dynamic,2846.0
10,1500,1,False,double,dynamic,2843.0
1,1500,1,False,double,static,2878.0
2,1500,1,False,double,static,2880.0
3,1500,1,False,double,static,2878.0
4,1500,1,False,double,static,2878.0
5,1500,1,False,double,static,2914.0
6,1500,1,False,double,static,2879.0
7,1500,1,False,double,static,2877.0
8,1500,1,False,double,static,2910.0
9,1500,1,False,double,static,2882.0
10,1500,1,False,double,static,2902.0
1,2000,1,True,float,dynamic,2494.0
2,2000,1,True,float,dynamic,2487.0
3,2000,1,True,float,dynamic,2630.0
4,2000,1,True,float,dynamic,2502.0
5,2000,1,True,float,dynamic,2780.0
6,2000,1,True,float,dynamic,2500.0
7,2000,1,True,float,dynamic,2498.0
8,2000,1,True,float,dynamic,2501.0
9,2000,1,True,float,dynamic,2503.0
10,2000,1,True,float,dynamic,2512.0
1,2000,1,True,float,static,2507.0
2,2000,1,True,float,static,2497.0
3,2000,1,True,float,static,2497.0
4,2000,1,True,float,static,2495.0
5,2000,1,True,float,static,2560.0
6,2000,1,True,float,static,2501.0
7,2000,1,True,float,static,2488.0
8,2000,1,True,float,static,2593.0
9,2000,1,True,float,static,2497.0
10,2000,1,True,float,static,2497.0
1,2000,1,True,double,dynamic,4767.0
2,2000,1,True,double,dynamic,4763.0
3,2000,1,True,double,dynamic,4727.0
4,2000,1,True,double,dynamic,4723.0
5,2000,1,True,double,dynamic,4731.0
6,2000,1,True,double,dynamic,4720.0
7,2000,1,True,double,dynamic,4723.0
8,2000,1,True,double,dynamic,4723.0
9,2000,1,True,double,dynamic,4733.0
10,2000,1,True,double,dynamic,4719.0
1,2000,1,True,double,static,4929.0
2,2000,1,True,double,static,4910.0
3,2000,1,True,double,static,4925.0
4,2000,1,True,double,static,4908.0
5,2000,1,True,double,static,4915.0
6,2000,1,True,double,static,4959.0
7,2000,1,True,double,static,4911.0
8,2000,1,True,double,static,4878.0
9,2000,1,True,double,static,4912.0
10,2000,1,True,double,static,4909.0
1,2000,1,False,float,dynamic,2641.0
2,2000,1,False,float,dynamic,2590.0
3,2000,1,False,float,dynamic,2584.0
4,2000,1,False,float,dynamic,2581.0
5,2000,1,False,float,dynamic,2584.0
6,2000,1,False,float,dynamic,2586.0
7,2000,1,False,float,dynamic,2582.0
8,2000,1,False,float,dynamic,2582.0
9,2000,1,False,float,dynamic,2582.0
10,2000,1,False,float,dynamic,2717.0
1,2000,1,False,float,static,2689.0
2,2000,1,False,float,static,2564.0
3,2000,1,False,float,static,2581.0
4,2000,1,False,float,static,2562.0
5,2000,1,False,float,static,2556.0
6,2000,1,False,float,static,2559.0
7,2000,1,False,float,static,2560.0
8,2000,1,False,float,static,2579.0
9,2000,1,False,float,static,2555.0
10,2000,1,False,float,static,2555.0
1,2000,1,False,double,dynamic,5021.0
2,2000,1,False,double,dynamic,5034.0
3,2000,1,False,double,dynamic,5026.0
4,2000,1,False,double,dynamic,5284.0
5,2000,1,False,double,dynamic,5023.0
6,2000,1,False,double,dynamic,5024.0
7,2000,1,False,double,dynamic,5022.0
8,2000,1,False,double,dynamic,5032.0
9,2000,1,False,double,dynamic,5033.0
10,2000,1,False,double,dynamic,5020.0
1,2000,1,False,double,static,5125.0
2,2000,1,False,double,static,5082.0
3,2000,1,False,double,static,5081.0
4,2000,1,False,double,static,5081.0
5,2000,1,False,double,static,5081.0
6,2000,1,False,double,static,5080.0
7,2000,1,False,double,static,5110.0
8,2000,1,False,double,static,5082.0
9,2000,1,False,double,static,5081.0
10,2000,1,False,double,static,5080.0
1,500,2,True,float,dynamic,84.0
2,500,2,True,float,dynamic,83.0
3,500,2,True,float,dynamic,84.0
4,500,2,True,float,dynamic,84.0
5,500,2,True,float,dynamic,84.0
6,500,2,True,float,dynamic,84.0
7,500,2,True,float,dynamic,84.0
8,500,2,True,float,dynamic,84.0
9,500,2,True,float,dynamic,83.0
10,500,2,True,float,dynamic,84.0
1,500,2,True,float,static,86.0
2,500,2,True,float,static,84.0
3,500,2,True,float,static,87.0
4,500,2,True,float,static,85.0
5,500,2,True,float,static,86.0
6,500,2,True,float,static,87.0
7,500,2,True,float,static,87.0
8,500,2,True,float,static,86.0
9,500,2,True,float,static,86.0
10,500,2,True,float,static,87.0
1,500,2,True,double,dynamic,157.0
2,500,2,True,double,dynamic,157.0
3,500,2,True,double,dynamic,161.0
4,500,2,True,double,dynamic,159.0
5,500,2,True,double,dynamic,158.0
6,500,2,True,double,dynamic,158.0
7,500,2,True,double,dynamic,160.0
8,500,2,True,double,dynamic,160.0
9,500,2,True,double,dynamic,157.0
10,500,2,True,double,dynamic,158.0
1,500,2,True,double,static,162.0
2,500,2,True,double,static,161.0
3,500,2,True,double,static,165.0
4,500,2,True,double,static,161.0
5,500,2,True,double,static,162.0
6,500,2,True,double,static,163.0
7,500,2,True,double,static,163.0
8,500,2,True,double,static,162.0
9,500,2,True,double,static,161.0
10,500,2,True,double,static,161.0
1,500,2,False,float,dynamic,91.0
2,500,2,False,float,dynamic,90.0
3,500,2,False,float,dynamic,91.0
4,500,2,False,float,dynamic,89.0
5,500,2,False,float,dynamic,90.0
6,500,2,False,float,dynamic,92.0
7,500,2,False,float,dynamic,90.0
8,500,2,False,float,dynamic,90.0
9,500,2,False,float,dynamic,91.0
10,500,2,False,float,dynamic,90.0
1,500,2,False,float,static,87.0
2,500,2,False,float,static,87.0
3,500,2,False,float,static,88.0
4,500,2,False,float,static,87.0
5,500,2,False,float,static,87.0
6,500,2,False,float,static,87.0
7,500,2,False,float,static,92.0
8,500,2,False,float,static,87.0
9,500,2,False,float,static,88.0
10,500,2,False,float,static,89.0
1,500,2,False,double,dynamic,167.0
2,500,2,False,double,dynamic,167.0
3,500,2,False,double,dynamic,167.0
4,500,2,False,double,dynamic,167.0
5,500,2,False,double,dynamic,168.0
6,500,2,False,double,dynamic,169.0
7,500,2,False,double,dynamic,173.0
8,500,2,False,double,dynamic,168.0
9,500,2,False,double,dynamic,170.0
10,500,2,False,double,dynamic,167.0
1,500,2,False,double,static,168.0
2,500,2,False,double,static,167.0
3,500,2,False,double,static,168.0
4,500,2,False,double,static,168.0
5,500,2,False,double,static,168.0
6,500,2,False,double,static,168.0
7,500,2,False,double,static,168.0
8,500,2,False,double,static,193.0
9,500,2,False,double,static,168.0
10,500,2,False,double,static,168.0
1,1000,2,True,float,dynamic,318.0
2,1000,2,True,float,dynamic,316.0
3,1000,2,True,float,dynamic,316.0
4,1000,2,True,float,dynamic,318.0
5,1000,2,True,float,dynamic,316.0
6,1000,2,True,float,dynamic,317.0
7,1000,2,True,float,dynamic,316.0
8,1000,2,True,float,dynamic,320.0
9,1000,2,True,float,dynamic,316.0
10,1000,2,True,float,dynamic,316.0
1,1000,2,True,float,static,323.0
2,1000,2,True,float,static,323.0
3,1000,2,True,float,static,325.0
4,1000,2,True,float,static,323.0
5,1000,2,True,float,static,326.0
6,1000,2,True,float,static,375.0
7,1000,2,True,float,static,323.0
8,1000,2,True,float,static,322.0
9,1000,2,True,float,static,323.0
10,1000,2,True,float,static,324.0
1,1000,2,True,double,dynamic,613.0
2,1000,2,True,double,dynamic,610.0
3,1000,2,True,double,dynamic,623.0
4,1000,2,True,double,dynamic,610.0
5,1000,2,True,double,dynamic,611.0
6,1000,2,True,double,dynamic,611.0
7,1000,2,True,double,dynamic,613.0
8,1000,2,True,double,dynamic,613.0
9,1000,2,True,double,dynamic,610.0
10,1000,2,True,double,dynamic,610.0
1,1000,2,True,double,static,632.0
2,1000,2,True,double,static,626.0
3,1000,2,True,double,static,626.0
4,1000,2,True,double,static,628.0
5,1000,2,True,double,static,627.0
6,1000,2,True,double,static,626.0
7,1000,2,True,double,static,630.0
8,1000,2,True,double,static,632.0
9,1000,2,True,double,static,623.0
10,1000,2,True,double,static,627.0
1,1000,2,False,float,dynamic,339.0
2,1000,2,False,float,dynamic,338.0
3,1000,2,False,float,dynamic,337.0
4,1000,2,False,float,dynamic,340.0
5,1000,2,False,float,dynamic,339.0
6,1000,2,False,float,dynamic,341.0
7,1000,2,False,float,dynamic,338.0
8,1000,2,False,float,dynamic,338.0
9,1000,2,False,float,dynamic,342.0
10,1000,2,False,float,dynamic,338.0
1,1000,2,False,float,static,331.0
2,1000,2,False,float,static,331.0
3,1000,2,False,float,static,337.0
4,1000,2,False,float,static,335.0
5,1000,2,False,float,static,334.0
6,1000,2,False,float,static,334.0
7,1000,2,False,float,static,333.0
8,1000,2,False,float,static,347.0
9,1000,2,False,float,static,331.0
10,1000,2,False,float,static,338.0
1,1000,2,False,double,dynamic,649.0
2,1000,2,False,double,dynamic,649.0
3,1000,2,False,double,dynamic,657.0
4,1000,2,False,double,dynamic,650.0
5,1000,2,False,double,dynamic,658.0
6,1000,2,False,double,dynamic,649.0
7,1000,2,False,double,dynamic,648.0
8,1000,2,False,double,dynamic,652.0
9,1000,2,False,double,dynamic,649.0
10,1000,2,False,double,dynamic,648.0
1,1000,2,False,double,static,656.0
2,1000,2,False,double,static,649.0
3,1000,2,False,double,static,649.0
4,1000,2,False,double,static,649.0
5,1000,2,False,double,static,663.0
6,1000,2,False,double,static,650.0
7,1000,2,False,double,static,649.0
8,1000,2,False,double,static,653.0
9,1000,2,False,double,static,649.0
10,1000,2,False,double,static,649.0
1,1500,2,True,float,dynamic,697.0
2,1500,2,True,float,dynamic,696.0
3,1500,2,True,float,dynamic,700.0
4,1500,2,True,float,dynamic,700.0
5,1500,2,True,float,dynamic,697.0
6,1500,2,True,float,dynamic,699.0
7,1500,2,True,float,dynamic,697.0
8,1500,2,True,float,dynamic,701.0
9,1500,2,True,float,dynamic,697.0
10,1500,2,True,float,dynamic,697.0
1,1500,2,True,float,static,731.0
2,1500,2,True,float,static,771.0
3,1500,2,True,float,static,704.0
4,1500,2,True,float,static,713.0
5,1500,2,True,float,static,715.0
6,1500,2,True,float,static,713.0
7,1500,2,True,float,static,714.0
8,1500,2,True,float,static,713.0
9,1500,2,True,float,static,720.0
10,1500,2,True,float,static,720.0
1,1500,2,True,double,dynamic,1356.0
2,1500,2,True,double,dynamic,1355.0
3,1500,2,True,double,dynamic,1361.0
4,1500,2,True,double,dynamic,1363.0
5,1500,2,True,double,dynamic,1355.0
6,1500,2,True,double,dynamic,1355.0
7,1500,2,True,double,dynamic,1368.0
8,1500,2,True,double,dynamic,1358.0
9,1500,2,True,double,dynamic,1355.0
10,1500,2,True,double,dynamic,1357.0
1,1500,2,True,double,static,1427.0
2,1500,2,True,double,static,1391.0
3,1500,2,True,double,static,1390.0
4,1500,2,True,double,static,1398.0
5,1500,2,True,double,static,1392.0
6,1500,2,True,double,static,1406.0
7,1500,2,True,double,static,1398.0
8,1500,2,True,double,static,1386.0
9,1500,2,True,double,static,1404.0
10,1500,2,True,double,static,1404.0
1,1500,2,False,float,dynamic,750.0
2,1500,2,False,float,dynamic,755.0
3,1500,2,False,float,dynamic,748.0
4,1500,2,False,float,dynamic,749.0
5,1500,2,False,float,dynamic,748.0
6,1500,2,False,float,dynamic,750.0
7,1500,2,False,float,dynamic,748.0
8,1500,2,False,float,dynamic,749.0
9,1500,2,False,float,dynamic,750.0
10,1500,2,False,float,dynamic,749.0
1,1500,2,False,float,static,739.0
2,1500,2,False,float,static,738.0
3,1500,2,False,float,static,739.0
4,1500,2,False,float,static,738.0
5,1500,2,False,float,static,738.0
6,1500,2,False,float,static,745.0
7,1500,2,False,float,static,743.0
8,1500,2,False,float,static,738.0
9,1500,2,False,float,static,746.0
10,1500,2,False,float,static,741.0
1,1500,2,False,double,dynamic,1446.0
2,1500,2,False,double,dynamic,1444.0
3,1500,2,False,double,dynamic,1442.0
4,1500,2,False,double,dynamic,1457.0
5,1500,2,False,double,dynamic,1439.0
6,1500,2,False,double,dynamic,1439.0
7,1500,2,False,double,dynamic,1439.0
8,1500,2,False,double,dynamic,1446.0
9,1500,2,False,double,dynamic,1439.0
10,1500,2,False,double,dynamic,1449.0
1,1500,2,False,double,static,1442.0
2,1500,2,False,double,static,1441.0
3,1500,2,False,double,static,1475.0
4,1500,2,False,double,static,1473.0
5,1500,2,False,double,static,1442.0
6,1500,2,False,double,static,1469.0
7,1500,2,False,double,static,1454.0
8,1500,2,False,double,static,1453.0
9,1500,2,False,double,static,1441.0
10,1500,2,False,double,static,1446.0
1,2000,2,True,float,dynamic,1225.0
2,2000,2,True,float,dynamic,1226.0
3,2000,2,True,float,dynamic,1233.0
4,2000,2,True,float,dynamic,1245.0
5,2000,2,True,float,dynamic,1227.0
6,2000,2,True,float,dynamic,1224.0
7,2000,2,True,float,dynamic,1228.0
8,2000,2,True,float,dynamic,1224.0
9,2000,2,True,float,dynamic,1226.0
10,2000,2,True,float,dynamic,1224.0
1,2000,2,True,float,static,1257.0
2,2000,2,True,float,static,1250.0
3,2000,2,True,float,static,1256.0
4,2000,2,True,float,static,1249.0
5,2000,2,True,float,static,1260.0
6,2000,2,True,float,static,1250.0
7,2000,2,True,float,static,1252.0
8,2000,2,True,float,static,1272.0
9,2000,2,True,float,static,1250.0
10,2000,2,True,float,static,1249.0
1,2000,2,True,double,dynamic,2392.0
2,2000,2,True,double,dynamic,2392.0
3,2000,2,True,double,dynamic,2392.0
4,2000,2,True,double,dynamic,2394.0
5,2000,2,True,double,dynamic,2401.0
6,2000,2,True,double,dynamic,2398.0
7,2000,2,True,double,dynamic,2393.0
8,2000,2,True,double,dynamic,2427.0
9,2000,2,True,double,dynamic,2406.0
10,2000,2,True,double,dynamic,2395.0
1,2000,2,True,double,static,2480.0
2,2000,2,True,double,static,2454.0
3,2000,2,True,double,static,2458.0
4,2000,2,True,double,static,2455.0
5,2000,2,True,double,static,2454.0
6,2000,2,True,double,static,2454.0
7,2000,2,True,double,static,2457.0
8,2000,2,True,double,static,2457.0
9,2000,2,True,double,static,2517.0
10,2000,2,True,double,static,2453.0
1,2000,2,False,float,dynamic,1308.0
2,2000,2,False,float,dynamic,1315.0
3,2000,2,False,float,dynamic,1308.0
4,2000,2,False,float,dynamic,1315.0
5,2000,2,False,float,dynamic,1317.0
6,2000,2,False,float,dynamic,1316.0
7,2000,2,False,float,dynamic,1310.0
8,2000,2,False,float,dynamic,1313.0
9,2000,2,False,float,dynamic,1314.0
10,2000,2,False,float,dynamic,1308.0
1,2000,2,False,float,static,1280.0
2,2000,2,False,float,static,1279.0
3,2000,2,False,float,static,1292.0
4,2000,2,False,float,static,1279.0
5,2000,2,False,float,static,1279.0
6,2000,2,False,float,static,1280.0
7,2000,2,False,float,static,1280.0
8,2000,2,False,float,static,1279.0
9,2000,2,False,float,static,1310.0
10,2000,2,False,float,static,1283.0
1,2000,2,False,double,dynamic,2540.0
2,2000,2,False,double,dynamic,2540.0
3,2000,2,False,double,dynamic,2540.0
4,2000,2,False,double,dynamic,2556.0
5,2000,2,False,double,dynamic,2559.0
6,2000,2,False,double,dynamic,2539.0
7,2000,2,False,double,dynamic,2547.0
8,2000,2,False,double,dynamic,2545.0
9,2000,2,False,double,dynamic,2546.0
10,2000,2,False,double,dynamic,2553.0
1,2000,2,False,double,static,2564.0
2,2000,2,False,double,static,2567.0
3,2000,2,False,double,static,2542.0
4,2000,2,False,double,static,2543.0
5,2000,2,False,double,static,2612.0
6,2000,2,False,double,static,2564.0
7,2000,2,False,double,static,2544.0
8,2000,2,False,double,static,2550.0
9,2000,2,False,double,static,2552.0
10,2000,2,False,double,static,2543.0
1,500,4,True,float,dynamic,43.0
2,500,4,True,float,dynamic,43.0
3,500,4,True,float,dynamic,45.0
4,500,4,True,float,dynamic,43.0
5,500,4,True,float,dynamic,44.0
6,500,4,True,float,dynamic,43.0
7,500,4,True,float,dynamic,43.0
8,500,4,True,float,dynamic,43.0
9,500,4,True,float,dynamic,43.0
10,500,4,True,float,dynamic,43.0
1,500,4,True,float,static,67.0
2,500,4,True,float,static,67.0
3,500,4,True,float,static,67.0
4,500,4,True,float,static,65.0
5,500,4,True,float,static,67.0
6,500,4,True,float,static,66.0
7,500,4,True,float,static,66.0
8,500,4,True,float,static,65.0
9,500,4,True,float,static,66.0
10,500,4,True,float,static,65.0
1,500,4,True,double,dynamic,80.0
2,500,4,True,double,dynamic,108.0
3,500,4,True,double,dynamic,80.0
4,500,4,True,double,dynamic,80.0
5,500,4,True,double,dynamic,81.0
6,500,4,True,double,dynamic,81.0
7,500,4,True,double,dynamic,81.0
8,500,4,True,double,dynamic,83.0
9,500,4,True,double,dynamic,80.0
10,500,4,True,double,dynamic,81.0
1,500,4,True,double,static,128.0
2,500,4,True,double,static,123.0
3,500,4,True,double,static,123.0
4,500,4,True,double,static,123.0
5,500,4,True,double,static,130.0
6,500,4,True,double,static,128.0
7,500,4,True,double,static,122.0
8,500,4,True,double,static,125.0
9,500,4,True,double,static,129.0
10,500,4,True,double,static,128.0
1,500,4,False,float,dynamic,53.0
2,500,4,False,float,dynamic,47.0
3,500,4,False,float,dynamic,46.0
4,500,4,False,float,dynamic,46.0
5,500,4,False,float,dynamic,47.0
6,500,4,False,float,dynamic,48.0
7,500,4,False,float,dynamic,46.0
8,500,4,False,float,dynamic,46.0
9,500,4,False,float,dynamic,47.0
10,500,4,False,float,dynamic,46.0
1,500,4,False,float,static,68.0
2,500,4,False,float,static,68.0
3,500,4,False,float,static,67.0
4,500,4,False,float,static,68.0
5,500,4,False,float,static,68.0
6,500,4,False,float,static,67.0
7,500,4,False,float,static,69.0
8,500,4,False,float,static,68.0
9,500,4,False,float,static,68.0
10,500,4,False,float,static,69.0
1,500,4,False,double,dynamic,85.0
2,500,4,False,double,dynamic,89.0
3,500,4,False,double,dynamic,85.0
4,500,4,False,double,dynamic,85.0
5,500,4,False,double,dynamic,85.0
6,500,4,False,double,dynamic,85.0
7,500,4,False,double,dynamic,85.0
8,500,4,False,double,dynamic,85.0
9,500,4,False,double,dynamic,86.0
10,500,4,False,double,dynamic,85.0
1,500,4,False,double,static,133.0
2,500,4,False,double,static,133.0
3,500,4,False,double,static,135.0
4,500,4,False,double,static,139.0
5,500,4,False,double,static,133.0
6,500,4,False,double,static,133.0
7,500,4,False,double,static,133.0
8,500,4,False,double,static,133.0
9,500,4,False,double,static,138.0
10,500,4,False,double,static,134.0
1,1000,4,True,float,dynamic,160.0
2,1000,4,True,float,dynamic,160.0
3,1000,4,True,float,dynamic,160.0
4,1000,4,True,float,dynamic,161.0
5,1000,4,True,float,dynamic,161.0
6,1000,4,True,float,dynamic,161.0
7,1000,4,True,float,dynamic,160.0
8,1000,4,True,float,dynamic,161.0
9,1000,4,True,float,dynamic,160.0
10,1000,4,True,float,dynamic,161.0
1,1000,4,True,float,static,250.0
2,1000,4,True,float,static,250.0
3,1000,4,True,float,static,254.0
4,1000,4,True,float,static,252.0
5,1000,4,True,float,static,253.0
6,1000,4,True,float,static,254.0
7,1000,4,True,float,static,253.0
8,1000,4,True,float,static,253.0
9,1000,4,True,float,static,255.0
10,1000,4,True,float,static,253.0
1,1000,4,True,double,dynamic,307.0
2,1000,4,True,double,dynamic,307.0
3,1000,4,True,double,dynamic,308.0
4,1000,4,True,double,dynamic,307.0
5,1000,4,True,double,dynamic,307.0
6,1000,4,True,double,dynamic,307.0
7,1000,4,True,double,dynamic,307.0
8,1000,4,True,double,dynamic,311.0
9,1000,4,True,double,dynamic,310.0
10,1000,4,True,double,dynamic,307.0
1,1000,4,True,double,static,478.0
2,1000,4,True,double,static,498.0
3,1000,4,True,double,static,500.0
4,1000,4,True,double,static,482.0
5,1000,4,True,double,static,482.0
6,1000,4,True,double,static,499.0
7,1000,4,True,double,static,478.0
8,1000,4,True,double,static,503.0
9,1000,4,True,double,static,495.0
10,1000,4,True,double,static,499.0
1,1000,4,False,float,dynamic,172.0
2,1000,4,False,float,dynamic,172.0
3,1000,4,False,float,dynamic,171.0
4,1000,4,False,float,dynamic,172.0
5,1000,4,False,float,dynamic,171.0
6,1000,4,False,float,dynamic,172.0
7,1000,4,False,float,dynamic,191.0
8,1000,4,False,float,dynamic,172.0
9,1000,4,False,float,dynamic,172.0
10,1000,4,False,float,dynamic,173.0
1,1000,4,False,float,static,259.0
2,1000,4,False,float,static,260.0
3,1000,4,False,float,static,259.0
4,1000,4,False,float,static,259.0
5,1000,4,False,float,static,262.0
6,1000,4,False,float,static,260.0
7,1000,4,False,float,static,260.0
8,1000,4,False,float,static,259.0
9,1000,4,False,float,static,259.0
10,1000,4,False,float,static,263.0
1,1000,4,False,double,dynamic,326.0
2,1000,4,False,double,dynamic,325.0
3,1000,4,False,double,dynamic,325.0
4,1000,4,False,double,dynamic,327.0
5,1000,4,False,double,dynamic,326.0
6,1000,4,False,double,dynamic,326.0
7,1000,4,False,double,dynamic,329.0
8,1000,4,False,double,dynamic,326.0
9,1000,4,False,double,dynamic,333.0
10,1000,4,False,double,dynamic,327.0
1,1000,4,False,double,static,516.0
2,1000,4,False,double,static,517.0
3,1000,4,False,double,static,516.0
4,1000,4,False,double,static,517.0
5,1000,4,False,double,static,517.0
6,1000,4,False,double,static,517.0
7,1000,4,False,double,static,517.0
8,1000,4,False,double,static,517.0
9,1000,4,False,double,static,516.0
10,1000,4,False,double,static,516.0
1,1500,4,True,float,dynamic,350.0
2,1500,4,True,float,dynamic,351.0
3,1500,4,True,float,dynamic,351.0
4,1500,4,True,float,dynamic,350.0
5,1500,4,True,float,dynamic,350.0
6,1500,4,True,float,dynamic,351.0
7,1500,4,True,float,dynamic,351.0
8,1500,4,True,float,dynamic,350.0
9,1500,4,True,float,dynamic,350.0
10,1500,4,True,float,dynamic,350.0
1,1500,4,True,float,static,545.0
2,1500,4,True,float,static,562.0
3,1500,4,True,float,static,550.0
4,1500,4,True,float,static,545.0
5,1500,4,True,float,static,545.0
6,1500,4,True,float,static,561.0
7,1500,4,True,float,static,544.0
8,1500,4,True,float,static,564.0
9,1500,4,True,float,static,560.0
10,1500,4,True,float,static,546.0
1,1500,4,True,double,dynamic,684.0
2,1500,4,True,double,dynamic,681.0
3,1500,4,True,double,dynamic,683.0
4,1500,4,True,double,dynamic,684.0
5,1500,4,True,double,dynamic,687.0
6,1500,4,True,double,dynamic,685.0
7,1500,4,True,double,dynamic,688.0
8,1500,4,True,double,dynamic,682.0
9,1500,4,True,double,dynamic,682.0
10,1500,4,True,double,dynamic,688.0
1,1500,4,True,double,static,1102.0
2,1500,4,True,double,static,1074.0
3,1500,4,True,double,static,1106.0
4,1500,4,True,double,static,1122.0
5,1500,4,True,double,static,1063.0
6,1500,4,True,double,static,1112.0
7,1500,4,True,double,static,1064.0
8,1500,4,True,double,static,1081.0
9,1500,4,True,double,static,1063.0
10,1500,4,True,double,static,1114.0
1,1500,4,False,float,dynamic,378.0
2,1500,4,False,float,dynamic,378.0
3,1500,4,False,float,dynamic,376.0
4,1500,4,False,float,dynamic,375.0
5,1500,4,False,float,dynamic,378.0
6,1500,4,False,float,dynamic,375.0
7,1500,4,False,float,dynamic,377.0
8,1500,4,False,float,dynamic,376.0
9,1500,4,False,float,dynamic,376.0
10,1500,4,False,float,dynamic,376.0
1,1500,4,False,float,static,581.0
2,1500,4,False,float,static,581.0
3,1500,4,False,float,static,587.0
4,1500,4,False,float,static,580.0
5,1500,4,False,float,static,586.0
6,1500,4,False,float,static,581.0
7,1500,4,False,float,static,581.0
8,1500,4,False,float,static,586.0
9,1500,4,False,float,static,583.0
10,1500,4,False,float,static,582.0
1,1500,4,False,double,dynamic,725.0
2,1500,4,False,double,dynamic,724.0
3,1500,4,False,double,dynamic,725.0
4,1500,4,False,double,dynamic,725.0
5,1500,4,False,double,dynamic,723.0
6,1500,4,False,double,dynamic,724.0
7,1500,4,False,double,dynamic,723.0
8,1500,4,False,double,dynamic,723.0
9,1500,4,False,double,dynamic,724.0
10,1500,4,False,double,dynamic,725.0
1,1500,4,False,double,static,1158.0
2,1500,4,False,double,static,1149.0
3,1500,4,False,double,static,1150.0
4,1500,4,False,double,static,1150.0
5,1500,4,False,double,static,1151.0
6,1500,4,False,double,static,1151.0
7,1500,4,False,double,static,1151.0
8,1500,4,False,double,static,1159.0
9,1500,4,False,double,static,1156.0
10,1500,4,False,double,static,1161.0
1,2000,4,True,float,dynamic,617.0
2,2000,4,True,float,dynamic,616.0
3,2000,4,True,float,dynamic,616.0
4,2000,4,True,float,dynamic,617.0
5,2000,4,True,float,dynamic,617.0
6,2000,4,True,float,dynamic,618.0
7,2000,4,True,float,dynamic,621.0
8,2000,4,True,float,dynamic,617.0
9,2000,4,True,float,dynamic,616.0
10,2000,4,True,float,dynamic,616.0
1,2000,4,True,float,static,1013.0
2,2000,4,True,float,static,988.0
3,2000,4,True,float,static,988.0
4,2000,4,True,float,static,989.0
5,2000,4,True,float,static,999.0
6,2000,4,True,float,static,999.0
7,2000,4,True,float,static,997.0
8,2000,4,True,float,static,982.0
9,2000,4,True,float,static,988.0
10,2000,4,True,float,static,983.0
1,2000,4,True,double,dynamic,1198.0
2,2000,4,True,double,dynamic,1198.0
3,2000,4,True,double,dynamic,1215.0
4,2000,4,True,double,dynamic,1198.0
5,2000,4,True,double,dynamic,1198.0
6,2000,4,True,double,dynamic,1199.0
7,2000,4,True,double,dynamic,1203.0
8,2000,4,True,double,dynamic,1208.0
9,2000,4,True,double,dynamic,1198.0
10,2000,4,True,double,dynamic,1201.0
1,2000,4,True,double,static,1967.0
2,2000,4,True,double,static,1965.0
3,2000,4,True,double,static,1881.0
4,2000,4,True,double,static,1969.0
5,2000,4,True,double,static,1966.0
6,2000,4,True,double,static,1940.0
7,2000,4,True,double,static,1967.0
8,2000,4,True,double,static,1978.0
9,2000,4,True,double,static,1980.0
10,2000,4,True,double,static,1966.0
1,2000,4,False,float,dynamic,660.0
2,2000,4,False,float,dynamic,664.0
3,2000,4,False,float,dynamic,659.0
4,2000,4,False,float,dynamic,660.0
5,2000,4,False,float,dynamic,660.0
6,2000,4,False,float,dynamic,662.0
7,2000,4,False,float,dynamic,660.0
8,2000,4,False,float,dynamic,661.0
9,2000,4,False,float,dynamic,661.0
10,2000,4,False,float,dynamic,660.0
1,2000,4,False,float,static,1009.0
2,2000,4,False,float,static,1010.0
3,2000,4,False,float,static,1010.0
4,2000,4,False,float,static,1020.0
5,2000,4,False,float,static,1010.0
6,2000,4,False,float,static,1011.0
7,2000,4,False,float,static,1010.0
8,2000,4,False,float,static,1011.0
9,2000,4,False,float,static,1011.0
10,2000,4,False,float,static,1015.0
1,2000,4,False,double,dynamic,1273.0
2,2000,4,False,double,dynamic,1275.0
3,2000,4,False,double,dynamic,1271.0
4,2000,4,False,double,dynamic,1273.0
5,2000,4,False,double,dynamic,1276.0
6,2000,4,False,double,dynamic,1275.0
7,2000,4,False,double,dynamic,1272.0
8,2000,4,False,double,dynamic,1271.0
9,2000,4,False,double,dynamic,1272.0
10,2000,4,False,double,dynamic,1274.0
1,2000,4,False,double,static,2033.0
2,2000,4,False,double,static,2037.0
3,2000,4,False,double,static,2033.0
4,2000,4,False,double,static,2034.0
5,2000,4,False,double,static,2034.0
6,2000,4,False,double,static,2044.0
7,2000,4,False,double,static,2033.0
8,2000,4,False,double,static,2033.0
9,2000,4,False,double,static,2039.0
10,2000,4,False,double,static,2033.0
1,500,8,True,float,dynamic,24.0
2,500,8,True,float,dynamic,24.0
3,500,8,True,float,dynamic,24.0
4,500,8,True,float,dynamic,24.0
5,500,8,True,float,dynamic,23.0
6,500,8,True,float,dynamic,23.0
7,500,8,True,float,dynamic,24.0
8,500,8,True,float,dynamic,24.0
9,500,8,True,float,dynamic,24.0
10,500,8,True,float,dynamic,24.0
1,500,8,True,float,static,40.0
2,500,8,True,float,static,45.0
3,500,8,True,float,static,40.0
4,500,8,True,float,static,41.0
5,500,8,True,float,static,41.0
6,500,8,True,float,static,41.0
7,500,8,True,float,static,40.0
8,500,8,True,float,static,40.0
9,500,8,True,float,static,40.0
10,500,8,True,float,static,42.0
1,500,8,True,double,dynamic,43.0
2,500,8,True,double,dynamic,42.0
3,500,8,True,double,dynamic,42.0
4,500,8,True,double,dynamic,42.0
5,500,8,True,double,dynamic,42.0
6,500,8,True,double,dynamic,43.0
7,500,8,True,double,dynamic,42.0
8,500,8,True,double,dynamic,42.0
9,500,8,True,double,dynamic,44.0
10,500,8,True,double,dynamic,42.0
1,500,8,True,double,static,77.0
2,500,8,True,double,static,77.0
3,500,8,True,double,static,78.0
4,500,8,True,double,static,77.0
5,500,8,True,double,static,78.0
6,500,8,True,double,static,78.0
7,500,8,True,double,static,78.0
8,500,8,True,double,static,82.0
9,500,8,True,double,static,77.0
10,500,8,True,double,static,75.0
1,500,8,False,float,dynamic,25.0
2,500,8,False,float,dynamic,29.0
3,500,8,False,float,dynamic,25.0
4,500,8,False,float,dynamic,25.0
5,500,8,False,float,dynamic,26.0
6,500,8,False,float,dynamic,26.0
7,500,8,False,float,dynamic,25.0
8,500,8,False,float,dynamic,25.0
9,500,8,False,float,dynamic,25.0
10,500,8,False,float,dynamic,25.0
1,500,8,False,float,static,41.0
2,500,8,False,float,static,41.0
3,500,8,False,float,static,46.0
4,500,8,False,float,static,42.0
5,500,8,False,float,static,42.0
6,500,8,False,float,static,41.0
7,500,8,False,float,static,49.0
8,500,8,False,float,static,43.0
9,500,8,False,float,static,43.0
10,500,8,False,float,static,47.0
1,500,8,False,double,dynamic,44.0
2,500,8,False,double,dynamic,44.0
3,500,8,False,double,dynamic,46.0
4,500,8,False,double,dynamic,45.0
5,500,8,False,double,dynamic,46.0
6,500,8,False,double,dynamic,45.0
7,500,8,False,double,dynamic,46.0
8,500,8,False,double,dynamic,45.0
9,500,8,False,double,dynamic,45.0
10,500,8,False,double,dynamic,45.0
1,500,8,False,double,static,81.0
2,500,8,False,double,static,80.0
3,500,8,False,double,static,80.0
4,500,8,False,double,static,82.0
5,500,8,False,double,static,81.0
6,500,8,False,double,static,80.0
7,500,8,False,double,static,80.0
8,500,8,False,double,static,82.0
9,500,8,False,double,static,81.0
10,500,8,False,double,static,80.0
1,1000,8,True,float,dynamic,82.0
2,1000,8,True,float,dynamic,85.0
3,1000,8,True,float,dynamic,82.0
4,1000,8,True,float,dynamic,82.0
5,1000,8,True,float,dynamic,84.0
6,1000,8,True,float,dynamic,82.0
7,1000,8,True,float,dynamic,82.0
8,1000,8,True,float,dynamic,82.0
9,1000,8,True,float,dynamic,82.0
10,1000,8,True,float,dynamic,84.0
1,1000,8,True,float,static,151.0
2,1000,8,True,float,static,152.0
3,1000,8,True,float,static,151.0
4,1000,8,True,float,static,149.0
5,1000,8,True,float,static,152.0
6,1000,8,True,float,static,150.0
7,1000,8,True,float,static,153.0
8,1000,8,True,float,static,150.0
9,1000,8,True,float,static,153.0
10,1000,8,True,float,static,153.0
1,1000,8,True,double,dynamic,161.0
2,1000,8,True,double,dynamic,156.0
3,1000,8,True,double,dynamic,159.0
4,1000,8,True,double,dynamic,162.0
5,1000,8,True,double,dynamic,156.0
6,1000,8,True,double,dynamic,162.0
7,1000,8,True,double,dynamic,155.0
8,1000,8,True,double,dynamic,157.0
9,1000,8,True,double,dynamic,155.0
10,1000,8,True,double,dynamic,156.0
1,1000,8,True,double,static,285.0
2,1000,8,True,double,static,297.0
3,1000,8,True,double,static,299.0
4,1000,8,True,double,static,286.0
5,1000,8,True,double,static,289.0
6,1000,8,True,double,static,298.0
7,1000,8,True,double,static,306.0
8,1000,8,True,double,static,320.0
9,1000,8,True,double,static,303.0
10,1000,8,True,double,static,301.0
1,1000,8,False,float,dynamic,88.0
2,1000,8,False,float,dynamic,88.0
3,1000,8,False,float,dynamic,89.0
4,1000,8,False,float,dynamic,88.0
5,1000,8,False,float,dynamic,90.0
6,1000,8,False,float,dynamic,88.0
7,1000,8,False,float,dynamic,90.0
8,1000,8,False,float,dynamic,87.0
9,1000,8,False,float,dynamic,89.0
10,1000,8,False,float,dynamic,90.0
1,1000,8,False,float,static,157.0
2,1000,8,False,float,static,155.0
3,1000,8,False,float,static,161.0
4,1000,8,False,float,static,158.0
5,1000,8,False,float,static,155.0
6,1000,8,False,float,static,165.0
7,1000,8,False,float,static,155.0
8,1000,8,False,float,static,154.0
9,1000,8,False,float,static,157.0
10,1000,8,False,float,static,160.0
1,1000,8,False,double,dynamic,165.0
2,1000,8,False,double,dynamic,166.0
3,1000,8,False,double,dynamic,169.0
4,1000,8,False,double,dynamic,166.0
5,1000,8,False,double,dynamic,166.0
6,1000,8,False,double,dynamic,165.0
7,1000,8,False,double,dynamic,168.0
8,1000,8,False,double,dynamic,165.0
9,1000,8,False,double,dynamic,169.0
10,1000,8,False,double,dynamic,176.0
1,1000,8,False,double,static,309.0
2,1000,8,False,double,static,311.0
3,1000,8,False,double,static,311.0
4,1000,8,False,double,static,313.0
5,1000,8,False,double,static,307.0
6,1000,8,False,double,static,308.0
7,1000,8,False,double,static,309.0
8,1000,8,False,double,static,308.0
9,1000,8,False,double,static,308.0
10,1000,8,False,double,static,309.0
1,1500,8,True,float,dynamic,181.0
2,1500,8,True,float,dynamic,177.0
3,1500,8,True,float,dynamic,181.0
4,1500,8,True,float,dynamic,177.0
5,1500,8,True,float,dynamic,184.0
6,1500,8,True,float,dynamic,181.0
7,1500,8,True,float,dynamic,181.0
8,1500,8,True,float,dynamic,178.0
9,1500,8,True,float,dynamic,184.0
10,1500,8,True,float,dynamic,179.0
1,1500,8,True,float,static,334.0
2,1500,8,True,float,static,334.0
3,1500,8,True,float,static,353.0
4,1500,8,True,float,static,336.0
5,1500,8,True,float,static,335.0
6,1500,8,True,float,static,341.0
7,1500,8,True,float,static,334.0
8,1500,8,True,float,static,339.0
9,1500,8,True,float,static,334.0
10,1500,8,True,float,static,325.0
1,1500,8,True,double,dynamic,354.0
2,1500,8,True,double,dynamic,346.0
3,1500,8,True,double,dynamic,343.0
4,1500,8,True,double,dynamic,349.0
5,1500,8,True,double,dynamic,343.0
6,1500,8,True,double,dynamic,345.0
7,1500,8,True,double,dynamic,357.0
8,1500,8,True,double,dynamic,346.0
9,1500,8,True,double,dynamic,345.0
10,1500,8,True,double,dynamic,348.0
1,1500,8,True,double,static,635.0
2,1500,8,True,double,static,666.0
3,1500,8,True,double,static,672.0
4,1500,8,True,double,static,664.0
5,1500,8,True,double,static,673.0
6,1500,8,True,double,static,672.0
7,1500,8,True,double,static,662.0
8,1500,8,True,double,static,663.0
9,1500,8,True,double,static,665.0
10,1500,8,True,double,static,663.0
1,1500,8,False,float,dynamic,195.0
2,1500,8,False,float,dynamic,190.0
3,1500,8,False,float,dynamic,193.0
4,1500,8,False,float,dynamic,193.0
5,1500,8,False,float,dynamic,190.0
6,1500,8,False,float,dynamic,190.0
7,1500,8,False,float,dynamic,192.0
8,1500,8,False,float,dynamic,196.0
9,1500,8,False,float,dynamic,190.0
10,1500,8,False,float,dynamic,193.0
1,1500,8,False,float,static,345.0
2,1500,8,False,float,static,345.0
3,1500,8,False,float,static,347.0
4,1500,8,False,float,static,345.0
5,1500,8,False,float,static,346.0
6,1500,8,False,float,static,355.0
7,1500,8,False,float,static,368.0
8,1500,8,False,float,static,345.0
9,1500,8,False,float,static,345.0
10,1500,8,False,float,static,352.0
1,1500,8,False,double,dynamic,365.0
2,1500,8,False,double,dynamic,367.0
3,1500,8,False,double,dynamic,379.0
4,1500,8,False,double,dynamic,364.0
5,1500,8,False,double,dynamic,368.0
6,1500,8,False,double,dynamic,365.0
7,1500,8,False,double,dynamic,367.0
8,1500,8,False,double,dynamic,364.0
9,1500,8,False,double,dynamic,369.0
10,1500,8,False,double,dynamic,365.0
1,1500,8,False,double,static,692.0
2,1500,8,False,double,static,691.0
3,1500,8,False,double,static,712.0
4,1500,8,False,double,static,692.0
5,1500,8,False,double,static,685.0
6,1500,8,False,double,static,686.0
7,1500,8,False,double,static,686.0
8,1500,8,False,double,static,689.0
9,1500,8,False,double,static,685.0
10,1500,8,False,double,static,691.0
1,2000,8,True,float,dynamic,311.0
2,2000,8,True,float,dynamic,310.0
3,2000,8,True,float,dynamic,312.0
4,2000,8,True,float,dynamic,318.0
5,2000,8,True,float,dynamic,310.0
6,2000,8,True,float,dynamic,311.0
7,2000,8,True,float,dynamic,318.0
8,2000,8,True,float,dynamic,310.0
9,2000,8,True,float,dynamic,311.0
10,2000,8,True,float,dynamic,317.0
1,2000,8,True,float,static,589.0
2,2000,8,True,float,static,589.0
3,2000,8,True,float,static,596.0
4,2000,8,True,float,static,603.0
5,2000,8,True,float,static,592.0
6,2000,8,True,float,static,588.0
7,2000,8,True,float,static,587.0
8,2000,8,True,float,static,586.0
9,2000,8,True,float,static,589.0
10,2000,8,True,float,static,587.0
1,2000,8,True,double,dynamic,613.0
2,2000,8,True,double,dynamic,617.0
3,2000,8,True,double,dynamic,615.0
4,2000,8,True,double,dynamic,611.0
5,2000,8,True,double,dynamic,606.0
6,2000,8,True,double,dynamic,615.0
7,2000,8,True,double,dynamic,603.0
8,2000,8,True,double,dynamic,617.0
9,2000,8,True,double,dynamic,624.0
10,2000,8,True,double,dynamic,612.0
1,2000,8,True,double,static,1186.0
2,2000,8,True,double,static,1173.0
3,2000,8,True,double,static,1236.0
4,2000,8,True,double,static,1174.0
5,2000,8,True,double,static,1173.0
6,2000,8,True,double,static,1183.0
7,2000,8,True,double,static,1172.0
8,2000,8,True,double,static,1177.0
9,2000,8,True,double,static,1187.0
10,2000,8,True,double,static,1174.0
1,2000,8,False,float,dynamic,336.0
2,2000,8,False,float,dynamic,331.0
3,2000,8,False,float,dynamic,332.0
4,2000,8,False,float,dynamic,333.0
5,2000,8,False,float,dynamic,338.0
6,2000,8,False,float,dynamic,332.0
7,2000,8,False,float,dynamic,338.0
8,2000,8,False,float,dynamic,332.0
9,2000,8,False,float,dynamic,332.0
10,2000,8,False,float,dynamic,338.0
1,2000,8,False,float,static,606.0
2,2000,8,False,float,static,600.0
3,2000,8,False,float,static,600.0
4,2000,8,False,float,static,605.0
5,2000,8,False,float,static,601.0
6,2000,8,False,float,static,600.0
7,2000,8,False,float,static,606.0
8,2000,8,False,float,static,600.0
9,2000,8,False,float,static,610.0
10,2000,8,False,float,static,600.0
1,2000,8,False,double,dynamic,648.0
2,2000,8,False,double,dynamic,649.0
3,2000,8,False,double,dynamic,652.0
4,2000,8,False,double,dynamic,648.0
5,2000,8,False,double,dynamic,641.0
6,2000,8,False,double,dynamic,644.0
7,2000,8,False,double,dynamic,639.0
8,2000,8,False,double,dynamic,642.0
9,2000,8,False,double,dynamic,652.0
10,2000,8,False,double,dynamic,642.0
1,2000,8,False,double,static,1215.0
2,2000,8,False,double,static,1214.0
3,2000,8,False,double,static,1216.0
4,2000,8,False,double,static,1214.0
5,2000,8,False,double,static,1216.0
6,2000,8,False,double,static,1289.0
7,2000,8,False,double,static,1226.0
8,2000,8,False,double,static,1214.0
9,2000,8,False,double,static,1213.0
10,2000,8,False,double,static,1215.0
1,500,16,True,float,dynamic,17.0
2,500,16,True,float,dynamic,17.0
3,500,16,True,float,dynamic,17.0
4,500,16,True,float,dynamic,17.0
5,500,16,True,float,dynamic,20.0
6,500,16,True,float,dynamic,15.0
7,500,16,True,float,dynamic,16.0
8,500,16,True,float,dynamic,17.0
9,500,16,True,float,dynamic,17.0
10,500,16,True,float,dynamic,18.0
1,500,16,True,float,static,30.0
2,500,16,True,float,static,27.0
3,500,16,True,float,static,28.0
4,500,16,True,float,static,26.0
5,500,16,True,float,static,28.0
6,500,16,True,float,static,28.0
7,500,16,True,float,static,27.0
8,500,16,True,float,static,30.0
9,500,16,True,float,static,27.0
10,500,16,True,float,static,31.0
1,500,16,True,double,dynamic,28.0
2,500,16,True,double,dynamic,29.0
3,500,16,True,double,dynamic,27.0
4,500,16,True,double,dynamic,28.0
5,500,16,True,double,dynamic,27.0
6,500,16,True,double,dynamic,28.0
7,500,16,True,double,dynamic,28.0
8,500,16,True,double,dynamic,29.0
9,500,16,True,double,dynamic,31.0
10,500,16,True,double,dynamic,29.0
1,500,16,True,double,static,51.0
2,500,16,True,double,static,48.0
3,500,16,True,double,static,55.0
4,500,16,True,double,static,60.0
5,500,16,True,double,static,54.0
6,500,16,True,double,static,48.0
7,500,16,True,double,static,54.0
8,500,16,True,double,static,48.0
9,500,16,True,double,static,55.0
10,500,16,True,double,static,43.0
1,500,16,False,float,dynamic,17.0
2,500,16,False,float,dynamic,18.0
3,500,16,False,float,dynamic,18.0
4,500,16,False,float,dynamic,18.0
5,500,16,False,float,dynamic,18.0
6,500,16,False,float,dynamic,17.0
7,500,16,False,float,dynamic,19.0
8,500,16,False,float,dynamic,18.0
9,500,16,False,float,dynamic,17.0
10,500,16,False,float,dynamic,16.0
1,500,16,False,float,static,31.0
2,500,16,False,float,static,30.0
3,500,16,False,float,static,26.0
4,500,16,False,float,static,28.0
5,500,16,False,float,static,28.0
6,500,16,False,float,static,31.0
7,500,16,False,float,static,26.0
8,500,16,False,float,static,27.0
9,500,16,False,float,static,28.0
10,500,16,False,float,static,27.0
1,500,16,False,double,dynamic,30.0
2,500,16,False,double,dynamic,30.0
3,500,16,False,double,dynamic,29.0
4,500,16,False,double,dynamic,29.0
5,500,16,False,double,dynamic,29.0
6,500,16,False,double,dynamic,29.0
7,500,16,False,double,dynamic,29.0
8,500,16,False,double,dynamic,31.0
9,500,16,False,double,dynamic,28.0
10,500,16,False,double,dynamic,30.0
1,500,16,False,double,static,50.0
2,500,16,False,double,static,52.0
3,500,16,False,double,static,51.0
4,500,16,False,double,static,57.0
5,500,16,False,double,static,51.0
6,500,16,False,double,static,49.0
7,500,16,False,double,static,48.0
8,500,16,False,double,static,52.0
9,500,16,False,double,static,46.0
10,500,16,False,double,static,53.0
1,1000,16,True,float,dynamic,51.0
2,1000,16,True,float,dynamic,50.0
3,1000,16,True,float,dynamic,52.0
4,1000,16,True,float,dynamic,49.0
5,1000,16,True,float,dynamic,52.0
6,1000,16,True,float,dynamic,51.0
7,1000,16,True,float,dynamic,51.0
8,1000,16,True,float,dynamic,51.0
9,1000,16,True,float,dynamic,49.0
10,1000,16,True,float,dynamic,52.0
1,1000,16,True,float,static,95.0
2,1000,16,True,float,static,103.0
3,1000,16,True,float,static,106.0
4,1000,16,True,float,static,94.0
5,1000,16,True,float,static,86.0
6,1000,16,True,float,static,100.0
7,1000,16,True,float,static,93.0
8,1000,16,True,float,static,85.0
9,1000,16,True,float,static,97.0
10,1000,16,True,float,static,96.0
1,1000,16,True,double,dynamic,93.0
2,1000,16,True,double,dynamic,96.0
3,1000,16,True,double,dynamic,94.0
4,1000,16,True,double,dynamic,95.0
5,1000,16,True,double,dynamic,96.0
6,1000,16,True,double,dynamic,94.0
7,1000,16,True,double,dynamic,95.0
8,1000,16,True,double,dynamic,96.0
9,1000,16,True,double,dynamic,96.0
10,1000,16,True,double,dynamic,98.0
1,1000,16,True,double,static,159.0
2,1000,16,True,double,static,188.0
3,1000,16,True,double,static,184.0
4,1000,16,True,double,static,187.0
5,1000,16,True,double,static,169.0
6,1000,16,True,double,static,188.0
7,1000,16,True,double,static,192.0
8,1000,16,True,double,static,185.0
9,1000,16,True,double,static,192.0
10,1000,16,True,double,static,189.0
1,1000,16,False,float,dynamic,54.0
2,1000,16,False,float,dynamic,52.0
3,1000,16,False,float,dynamic,52.0
4,1000,16,False,float,dynamic,52.0
5,1000,16,False,float,dynamic,53.0
6,1000,16,False,float,dynamic,51.0
7,1000,16,False,float,dynamic,53.0
8,1000,16,False,float,dynamic,52.0
9,1000,16,False,float,dynamic,51.0
10,1000,16,False,float,dynamic,53.0
1,1000,16,False,float,static,99.0
2,1000,16,False,float,static,97.0
3,1000,16,False,float,static,100.0
4,1000,16,False,float,static,99.0
5,1000,16,False,float,static,89.0
6,1000,16,False,float,static,102.0
7,1000,16,False,float,static,96.0
8,1000,16,False,float,static,90.0
9,1000,16,False,float,static,92.0
10,1000,16,False,float,static,85.0
1,1000,16,False,double,dynamic,101.0
2,1000,16,False,double,dynamic,99.0
3,1000,16,False,double,dynamic,99.0
4,1000,16,False,double,dynamic,98.0
5,1000,16,False,double,dynamic,97.0
6,1000,16,False,double,dynamic,96.0
7,1000,16,False,double,dynamic,98.0
8,1000,16,False,double,dynamic,99.0
9,1000,16,False,double,dynamic,99.0
10,1000,16,False,double,dynamic,98.0
1,1000,16,False,double,static,183.0
2,1000,16,False,double,static,185.0
3,1000,16,False,double,static,185.0
4,1000,16,False,double,static,182.0
5,1000,16,False,double,static,202.0
6,1000,16,False,double,static,173.0
7,1000,16,False,double,static,171.0
8,1000,16,False,double,static,207.0
9,1000,16,False,double,static,165.0
10,1000,16,False,double,static,199.0
1,1500,16,True,float,dynamic,106.0
2,1500,16,True,float,dynamic,107.0
3,1500,16,True,float,dynamic,107.0
4,1500,16,True,float,dynamic,108.0
5,1500,16,True,float,dynamic,106.0
6,1500,16,True,float,dynamic,104.0
7,1500,16,True,float,dynamic,105.0
8,1500,16,True,float,dynamic,107.0
9,1500,16,True,float,dynamic,105.0
10,1500,16,True,float,dynamic,106.0
1,1500,16,True,float,static,197.0
2,1500,16,True,float,static,178.0
3,1500,16,True,float,static,217.0
4,1500,16,True,float,static,221.0
5,1500,16,True,float,static,197.0
6,1500,16,True,float,static,194.0
7,1500,16,True,float,static,206.0
8,1500,16,True,float,static,196.0
9,1500,16,True,float,static,188.0
10,1500,16,True,float,static,200.0
1,1500,16,True,double,dynamic,204.0
2,1500,16,True,double,dynamic,204.0
3,1500,16,True,double,dynamic,207.0
4,1500,16,True,double,dynamic,206.0
5,1500,16,True,double,dynamic,206.0
6,1500,16,True,double,dynamic,208.0
7,1500,16,True,double,dynamic,203.0
8,1500,16,True,double,dynamic,210.0
9,1500,16,True,double,dynamic,205.0
10,1500,16,True,double,dynamic,206.0
1,1500,16,True,double,static,471.0
2,1500,16,True,double,static,411.0
3,1500,16,True,double,static,423.0
4,1500,16,True,double,static,458.0
5,1500,16,True,double,static,440.0
6,1500,16,True,double,static,451.0
7,1500,16,True,double,static,381.0
8,1500,16,True,double,static,398.0
9,1500,16,True,double,static,397.0
10,1500,16,True,double,static,435.0
1,1500,16,False,float,dynamic,110.0
2,1500,16,False,float,dynamic,111.0
3,1500,16,False,float,dynamic,109.0
4,1500,16,False,float,dynamic,113.0
5,1500,16,False,float,dynamic,111.0
6,1500,16,False,float,dynamic,111.0
7,1500,16,False,float,dynamic,110.0
8,1500,16,False,float,dynamic,111.0
9,1500,16,False,float,dynamic,111.0
10,1500,16,False,float,dynamic,111.0
1,1500,16,False,float,static,209.0
2,1500,16,False,float,static,223.0
3,1500,16,False,float,static,206.0
4,1500,16,False,float,static,224.0
5,1500,16,False,float,static,196.0
6,1500,16,False,float,static,202.0
7,1500,16,False,float,static,203.0
8,1500,16,False,float,static,201.0
9,1500,16,False,float,static,220.0
10,1500,16,False,float,static,206.0
1,1500,16,False,double,dynamic,211.0
2,1500,16,False,double,dynamic,212.0
3,1500,16,False,double,dynamic,211.0
4,1500,16,False,double,dynamic,213.0
5,1500,16,False,double,dynamic,211.0
6,1500,16,False,double,dynamic,212.0
7,1500,16,False,double,dynamic,211.0
8,1500,16,False,double,dynamic,211.0
9,1500,16,False,double,dynamic,211.0
10,1500,16,False,double,dynamic,217.0
1,1500,16,False,double,static,409.0
2,1500,16,False,double,static,405.0
3,1500,16,False,double,static,413.0
4,1500,16,False,double,static,428.0
5,1500,16,False,double,static,394.0
6,1500,16,False,double,static,375.0
7,1500,16,False,double,static,372.0
8,1500,16,False,double,static,420.0
9,1500,16,False,double,static,454.0
10,1500,16,False,double,static,449.0
1,2000,16,True,float,dynamic,181.0
2,2000,16,True,float,dynamic,182.0
3,2000,16,True,float,dynamic,181.0
4,2000,16,True,float,dynamic,183.0
5,2000,16,True,float,dynamic,183.0
6,2000,16,True,float,dynamic,183.0
7,2000,16,True,float,dynamic,182.0
8,2000,16,True,float,dynamic,181.0
9,2000,16,True,float,dynamic,182.0
10,2000,16,True,float,dynamic,182.0
1,2000,16,True,float,static,372.0
2,2000,16,True,float,static,318.0
3,2000,16,True,float,static,358.0
4,2000,16,True,float,static,386.0
5,2000,16,True,float,static,339.0
6,2000,16,True,float,static,350.0
7,2000,16,True,float,static,337.0
8,2000,16,True,float,static,353.0
9,2000,16,True,float,static,387.0
10,2000,16,True,float,static,325.0
1,2000,16,True,double,dynamic,358.0
2,2000,16,True,double,dynamic,360.0
3,2000,16,True,double,dynamic,358.0
4,2000,16,True,double,dynamic,360.0
5,2000,16,True,double,dynamic,360.0
6,2000,16,True,double,dynamic,360.0
7,2000,16,True,double,dynamic,359.0
8,2000,16,True,double,dynamic,361.0
9,2000,16,True,double,dynamic,359.0
10,2000,16,True,double,dynamic,360.0
1,2000,16,True,double,static,770.0
2,2000,16,True,double,static,711.0
3,2000,16,True,double,static,696.0
4,2000,16,True,double,static,691.0
5,2000,16,True,double,static,660.0
6,2000,16,True,double,static,713.0
7,2000,16,True,double,static,661.0
8,2000,16,True,double,static,774.0
9,2000,16,True,double,static,770.0
10,2000,16,True,double,static,665.0
1,2000,16,False,float,dynamic,190.0
2,2000,16,False,float,dynamic,191.0
3,2000,16,False,float,dynamic,190.0
4,2000,16,False,float,dynamic,190.0
5,2000,16,False,float,dynamic,192.0
6,2000,16,False,float,dynamic,190.0
7,2000,16,False,float,dynamic,191.0
8,2000,16,False,float,dynamic,189.0
9,2000,16,False,float,dynamic,191.0
10,2000,16,False,float,dynamic,190.0
1,2000,16,False,float,static,363.0
2,2000,16,False,float,static,369.0
3,2000,16,False,float,static,373.0
4,2000,16,False,float,static,376.0
5,2000,16,False,float,static,364.0
6,2000,16,False,float,static,328.0
7,2000,16,False,float,static,353.0
8,2000,16,False,float,static,386.0
9,2000,16,False,float,static,332.0
10,2000,16,False,float,static,376.0
1,2000,16,False,double,dynamic,371.0
2,2000,16,False,double,dynamic,371.0
3,2000,16,False,double,dynamic,371.0
4,2000,16,False,double,dynamic,370.0
5,2000,16,False,double,dynamic,371.0
6,2000,16,False,double,dynamic,370.0
7,2000,16,False,double,dynamic,370.0
8,2000,16,False,double,dynamic,371.0
9,2000,16,False,double,dynamic,373.0
10,2000,16,False,double,dynamic,369.0
1,2000,16,False,double,static,673.0
2,2000,16,False,double,static,692.0
3,2000,16,False,double,static,744.0
4,2000,16,False,double,static,727.0
5,2000,16,False,double,static,706.0
6,2000,16,False,double,static,742.0
7,2000,16,False,double,static,738.0
8,2000,16,False,double,static,736.0
9,2000,16,False,double,static,639.0
10,2000,16,False,double,static,694.0
1,500,24,True,float,dynamic,16.0
2,500,24,True,float,dynamic,16.0
3,500,24,True,float,dynamic,16.0
4,500,24,True,float,dynamic,15.0
5,500,24,True,float,dynamic,15.0
6,500,24,True,float,dynamic,15.0
7,500,24,True,float,dynamic,15.0
8,500,24,True,float,dynamic,17.0
9,500,24,True,float,dynamic,15.0
10,500,24,True,float,dynamic,14.0
1,500,24,True,float,static,22.0
2,500,24,True,float,static,23.0
3,500,24,True,float,static,22.0
4,500,24,True,float,static,24.0
5,500,24,True,float,static,23.0
6,500,24,True,float,static,21.0
7,500,24,True,float,static,22.0
8,500,24,True,float,static,21.0
9,500,24,True,float,static,23.0
10,500,24,True,float,static,21.0
1,500,24,True,double,dynamic,24.0
2,500,24,True,double,dynamic,24.0
3,500,24,True,double,dynamic,24.0
4,500,24,True,double,dynamic,23.0
5,500,24,True,double,dynamic,24.0
6,500,24,True,double,dynamic,24.0
7,500,24,True,double,dynamic,25.0
8,500,24,True,double,dynamic,25.0
9,500,24,True,double,dynamic,26.0
10,500,24,True,double,dynamic,22.0
1,500,24,True,double,static,46.0
2,500,24,True,double,static,42.0
3,500,24,True,double,static,44.0
4,500,24,True,double,static,40.0
5,500,24,True,double,static,40.0
6,500,24,True,double,static,45.0
7,500,24,True,double,static,42.0
8,500,24,True,double,static,39.0
9,500,24,True,double,static,40.0
10,500,24,True,double,static,41.0
1,500,24,False,float,dynamic,15.0
2,500,24,False,float,dynamic,16.0
3,500,24,False,float,dynamic,16.0
4,500,24,False,float,dynamic,15.0
5,500,24,False,float,dynamic,16.0
6,500,24,False,float,dynamic,16.0
7,500,24,False,float,dynamic,16.0
8,500,24,False,float,dynamic,15.0
9,500,24,False,float,dynamic,18.0
10,500,24,False,float,dynamic,16.0
1,500,24,False,float,static,22.0
2,500,24,False,float,static,25.0
3,500,24,False,float,static,23.0
4,500,24,False,float,static,21.0
5,500,24,False,float,static,24.0
6,500,24,False,float,static,22.0
7,500,24,False,float,static,22.0
8,500,24,False,float,static,25.0
9,500,24,False,float,static,25.0
10,500,24,False,float,static,23.0
1,500,24,False,double,dynamic,24.0
2,500,24,False,double,dynamic,25.0
3,500,24,False,double,dynamic,25.0
4,500,24,False,double,dynamic,26.0
5,500,24,False,double,dynamic,24.0
6,500,24,False,double,dynamic,25.0
7,500,24,False,double,dynamic,26.0
8,500,24,False,double,dynamic,28.0
9,500,24,False,double,dynamic,25.0
10,500,24,False,double,dynamic,26.0
1,500,24,False,double,static,43.0
2,500,24,False,double,static,43.0
3,500,24,False,double,static,42.0
4,500,24,False,double,static,43.0
5,500,24,False,double,static,42.0
6,500,24,False,double,static,39.0
7,500,24,False,double,static,40.0
8,500,24,False,double,static,41.0
9,500,24,False,double,static,37.0
10,500,24,False,double,static,42.0
1,1000,24,True,float,dynamic,41.0
2,1000,24,True,float,dynamic,41.0
3,1000,24,True,float,dynamic,41.0
4,1000,24,True,float,dynamic,41.0
5,1000,24,True,float,dynamic,41.0
6,1000,24,True,float,dynamic,42.0
7,1000,24,True,float,dynamic,40.0
8,1000,24,True,float,dynamic,40.0
9,1000,24,True,float,dynamic,39.0
10,1000,24,True,float,dynamic,40.0
1,1000,24,True,float,static,76.0
2,1000,24,True,float,static,80.0
3,1000,24,True,float,static,71.0
4,1000,24,True,float,static,67.0
5,1000,24,True,float,static,72.0
6,1000,24,True,float,static,66.0
7,1000,24,True,float,static,64.0
8,1000,24,True,float,static,68.0
9,1000,24,True,float,static,73.0
10,1000,24,True,float,static,71.0
1,1000,24,True,double,dynamic,72.0
2,1000,24,True,double,dynamic,73.0
3,1000,24,True,double,dynamic,73.0
4,1000,24,True,double,dynamic,75.0
5,1000,24,True,double,dynamic,76.0
6,1000,24,True,double,dynamic,74.0
7,1000,24,True,double,dynamic,76.0
8,1000,24,True,double,dynamic,73.0
9,1000,24,True,double,dynamic,72.0
10,1000,24,True,double,dynamic,71.0
1,1000,24,True,double,static,150.0
2,1000,24,True,double,static,133.0
3,1000,24,True,double,static,137.0
4,1000,24,True,double,static,150.0
5,1000,24,True,double,static,145.0
6,1000,24,True,double,static,145.0
7,1000,24,True,double,static,132.0
8,1000,24,True,double,static,144.0
9,1000,24,True,double,static,143.0
10,1000,24,True,double,static,139.0
1,1000,24,False,float,dynamic,41.0
2,1000,24,False,float,dynamic,42.0
3,1000,24,False,float,dynamic,42.0
4,1000,24,False,float,dynamic,43.0
5,1000,24,False,float,dynamic,42.0
6,1000,24,False,float,dynamic,43.0
7,1000,24,False,float,dynamic,43.0
8,1000,24,False,float,dynamic,43.0
9,1000,24,False,float,dynamic,42.0
10,1000,24,False,float,dynamic,42.0
1,1000,24,False,float,static,67.0
2,1000,24,False,float,static,77.0
3,1000,24,False,float,static,76.0
4,1000,24,False,float,static,68.0
5,1000,24,False,float,static,70.0
6,1000,24,False,float,static,70.0
7,1000,24,False,float,static,66.0
8,1000,24,False,float,static,71.0
9,1000,24,False,float,static,75.0
10,1000,24,False,float,static,70.0
1,1000,24,False,double,dynamic,74.0
2,1000,24,False,double,dynamic,76.0
3,1000,24,False,double,dynamic,76.0
4,1000,24,False,double,dynamic,77.0
5,1000,24,False,double,dynamic,75.0
6,1000,24,False,double,dynamic,74.0
7,1000,24,False,double,dynamic,81.0
8,1000,24,False,double,dynamic,89.0
9,1000,24,False,double,dynamic,76.0
10,1000,24,False,double,dynamic,78.0
1,1000,24,False,double,static,148.0
2,1000,24,False,double,static,147.0
3,1000,24,False,double,static,136.0
4,1000,24,False,double,static,132.0
5,1000,24,False,double,static,143.0
6,1000,24,False,double,static,140.0
7,1000,24,False,double,static,137.0
8,1000,24,False,double,static,140.0
9,1000,24,False,double,static,146.0
10,1000,24,False,double,static,140.0
1,1500,24,True,float,dynamic,81.0
2,1500,24,True,float,dynamic,80.0
3,1500,24,True,float,dynamic,81.0
4,1500,24,True,float,dynamic,80.0
5,1500,24,True,float,dynamic,80.0
6,1500,24,True,float,dynamic,79.0
7,1500,24,True,float,dynamic,81.0
8,1500,24,True,float,dynamic,80.0
9,1500,24,True,float,dynamic,80.0
10,1500,24,True,float,dynamic,77.0
1,1500,24,True,float,static,155.0
2,1500,24,True,float,static,145.0
3,1500,24,True,float,static,151.0
4,1500,24,True,float,static,152.0
5,1500,24,True,float,static,139.0
6,1500,24,True,float,static,142.0
7,1500,24,True,float,static,156.0
8,1500,24,True,float,static,141.0
9,1500,24,True,float,static,137.0
10,1500,24,True,float,static,135.0
1,1500,24,True,double,dynamic,152.0
2,1500,24,True,double,dynamic,152.0
3,1500,24,True,double,dynamic,154.0
4,1500,24,True,double,dynamic,156.0
5,1500,24,True,double,dynamic,161.0
6,1500,24,True,double,dynamic,154.0
7,1500,24,True,double,dynamic,153.0
8,1500,24,True,double,dynamic,155.0
9,1500,24,True,double,dynamic,153.0
10,1500,24,True,double,dynamic,155.0
1,1500,24,True,double,static,295.0
2,1500,24,True,double,static,311.0
3,1500,24,True,double,static,309.0
4,1500,24,True,double,static,326.0
5,1500,24,True,double,static,326.0
6,1500,24,True,double,static,307.0
7,1500,24,True,double,static,313.0
8,1500,24,True,double,static,301.0
9,1500,24,True,double,static,321.0
10,1500,24,True,double,static,290.0
1,1500,24,False,float,dynamic,95.0
2,1500,24,False,float,dynamic,87.0
3,1500,24,False,float,dynamic,85.0
4,1500,24,False,float,dynamic,85.0
5,1500,24,False,float,dynamic,86.0
6,1500,24,False,float,dynamic,85.0
7,1500,24,False,float,dynamic,87.0
8,1500,24,False,float,dynamic,85.0
9,1500,24,False,float,dynamic,84.0
10,1500,24,False,float,dynamic,85.0
1,1500,24,False,float,static,156.0
2,1500,24,False,float,static,153.0
3,1500,24,False,float,static,144.0
4,1500,24,False,float,static,144.0
5,1500,24,False,float,static,146.0
6,1500,24,False,float,static,143.0
7,1500,24,False,float,static,143.0
8,1500,24,False,float,static,155.0
9,1500,24,False,float,static,153.0
10,1500,24,False,float,static,151.0
1,1500,24,False,double,dynamic,158.0
2,1500,24,False,double,dynamic,159.0
3,1500,24,False,double,dynamic,159.0
4,1500,24,False,double,dynamic,165.0
5,1500,24,False,double,dynamic,162.0
6,1500,24,False,double,dynamic,160.0
7,1500,24,False,double,dynamic,159.0
8,1500,24,False,double,dynamic,158.0
9,1500,24,False,double,dynamic,162.0
10,1500,24,False,double,dynamic,159.0
1,1500,24,False,double,static,315.0
2,1500,24,False,double,static,317.0
3,1500,24,False,double,static,320.0
4,1500,24,False,double,static,277.0
5,1500,24,False,double,static,305.0
6,1500,24,False,double,static,290.0
7,1500,24,False,double,static,319.0
8,1500,24,False,double,static,278.0
9,1500,24,False,double,static,301.0
10,1500,24,False,double,static,308.0
1,2000,24,True,float,dynamic,140.0
2,2000,24,True,float,dynamic,137.0
3,2000,24,True,float,dynamic,139.0
4,2000,24,True,float,dynamic,134.0
5,2000,24,True,float,dynamic,145.0
6,2000,24,True,float,dynamic,139.0
7,2000,24,True,float,dynamic,137.0
8,2000,24,True,float,dynamic,137.0
9,2000,24,True,float,dynamic,137.0
10,2000,24,True,float,dynamic,134.0
1,2000,24,True,float,static,228.0
2,2000,24,True,float,static,239.0
3,2000,24,True,float,static,227.0
4,2000,24,True,float,static,263.0
5,2000,24,True,float,static,250.0
6,2000,24,True,float,static,235.0
7,2000,24,True,float,static,260.0
8,2000,24,True,float,static,235.0
9,2000,24,True,float,static,245.0
10,2000,24,True,float,static,257.0
1,2000,24,True,double,dynamic,273.0
2,2000,24,True,double,dynamic,274.0
3,2000,24,True,double,dynamic,277.0
4,2000,24,True,double,dynamic,266.0
5,2000,24,True,double,dynamic,267.0
6,2000,24,True,double,dynamic,276.0
7,2000,24,True,double,dynamic,268.0
8,2000,24,True,double,dynamic,266.0
9,2000,24,True,double,dynamic,267.0
10,2000,24,True,double,dynamic,266.0
1,2000,24,True,double,static,524.0
2,2000,24,True,double,static,499.0
3,2000,24,True,double,static,517.0
4,2000,24,True,double,static,483.0
5,2000,24,True,double,static,459.0
6,2000,24,True,double,static,469.0
7,2000,24,True,double,static,515.0
8,2000,24,True,double,static,516.0
9,2000,24,True,double,static,461.0
10,2000,24,True,double,static,494.0
1,2000,24,False,float,dynamic,154.0
2,2000,24,False,float,dynamic,145.0
3,2000,24,False,float,dynamic,144.0
4,2000,24,False,float,dynamic,152.0
5,2000,24,False,float,dynamic,147.0
6,2000,24,False,float,dynamic,145.0
7,2000,24,False,float,dynamic,144.0
8,2000,24,False,float,dynamic,144.0
9,2000,24,False,float,dynamic,148.0
10,2000,24,False,float,dynamic,145.0
1,2000,24,False,float,static,276.0
2,2000,24,False,float,static,236.0
3,2000,24,False,float,static,250.0
4,2000,24,False,float,static,259.0
5,2000,24,False,float,static,256.0
6,2000,24,False,float,static,262.0
7,2000,24,False,float,static,256.0
8,2000,24,False,float,static,261.0
9,2000,24,False,float,static,273.0
10,2000,24,False,float,static,241.0
1,2000,24,False,double,dynamic,283.0
2,2000,24,False,double,dynamic,298.0
3,2000,24,False,double,dynamic,284.0
4,2000,24,False,double,dynamic,277.0
5,2000,24,False,double,dynamic,285.0
6,2000,24,False,double,dynamic,280.0
7,2000,24,False,double,dynamic,275.0
8,2000,24,False,double,dynamic,277.0
9,2000,24,False,double,dynamic,276.0
10,2000,24,False,double,dynamic,277.0
1,2000,24,False,double,static,493.0
2,2000,24,False,double,static,534.0
3,2000,24,False,double,static,497.0
4,2000,24,False,double,static,470.0
5,2000,24,False,double,static,521.0
6,2000,24,False,double,static,505.0
7,2000,24,False,double,static,523.0
8,2000,24,False,double,static,507.0
9,2000,24,False,double,static,528.0
10,2000,24,False,double,static,512.0
